Execution Date,Category ID,Quantity,Category Title
2024-03-09,1,3,Film & Animation
2024-03-09,10,14,Music
2024-03-09,15,1,Pets & Animals
2024-03-09,17,11,Sports
2024-03-09,19,4,Travel & Events
2024-03-09,20,5,Gaming
2024-03-09,22,9,People & Blogs
2024-03-09,23,17,Comedy
2024-03-09,24,26,Entertainment
2024-03-09,25,2,News & Politics
2024-03-09,26,4,Howto & Style
2024-03-09,27,2,Education
2024-03-09,28,2,Science & Technology
2024-03-10,1,2,Film & Animation
2024-03-10,10,15,Music
2024-03-10,15,1,Pets & Animals
2024-03-10,17,14,Sports
2024-03-10,19,4,Travel & Events
2024-03-10,20,4,Gaming
2024-03-10,22,9,People & Blogs
2024-03-10,23,17,Comedy
2024-03-10,24,24,Entertainment
2024-03-10,25,2,News & Politics
2024-03-10,26,5,Howto & Style
2024-03-10,27,2,Education
2024-03-10,28,1,Science & Technology
2024-03-11,1,2,Film & Animation
2024-03-11,10,14,Music
2024-03-11,15,1,Pets & Animals
2024-03-11,17,13,Sports
2024-03-11,19,4,Travel & Events
2024-03-11,20,4,Gaming
2024-03-11,22,8,People & Blogs
2024-03-11,23,16,Comedy
2024-03-11,24,28,Entertainment
2024-03-11,25,2,News & Politics
2024-03-11,26,5,Howto & Style
2024-03-11,27,2,Education
2024-03-11,28,1,Science & Technology
2024-03-12,1,2,Film & Animation
2024-03-12,10,15,Music
2024-03-12,15,1,Pets & Animals
2024-03-12,17,14,Sports
2024-03-12,19,4,Travel & Events
2024-03-12,20,3,Gaming
2024-03-12,22,10,People & Blogs
2024-03-12,23,17,Comedy
2024-03-12,24,25,Entertainment
2024-03-12,25,3,News & Politics
2024-03-12,26,4,Howto & Style
2024-03-12,27,2,Education
2024-03-13,1,2,Film & Animation
2024-03-13,10,16,Music
2024-03-13,15,1,Pets & Animals
2024-03-13,17,13,Sports
2024-03-13,19,4,Travel & Events
2024-03-13,20,3,Gaming
2024-03-13,22,9,People & Blogs
2024-03-13,23,17,Comedy
2024-03-13,24,26,Entertainment
2024-03-13,25,3,News & Politics
2024-03-13,26,4,Howto & Style
2024-03-13,27,2,Education
2024-03-14,1,2,Film & Animation
2024-03-14,10,15,Music
2024-03-14,15,1,Pets & Animals
2024-03-14,17,12,Sports
2024-03-14,19,4,Travel & Events
2024-03-14,20,2,Gaming
2024-03-14,22,11,People & Blogs
2024-03-14,23,18,Comedy
2024-03-14,24,27,Entertainment
2024-03-14,25,3,News & Politics
2024-03-14,26,3,Howto & Style
2024-03-14,27,2,Education
2024-03-15,1,2,Film & Animation
2024-03-15,10,15,Music
2024-03-15,15,1,Pets & Animals
2024-03-15,17,12,Sports
2024-03-15,19,4,Travel & Events
2024-03-15,20,3,Gaming
2024-03-15,22,11,People & Blogs
2024-03-15,23,18,Comedy
2024-03-15,24,26,Entertainment
2024-03-15,25,3,News & Politics
2024-03-15,26,3,Howto & Style
2024-03-15,27,2,Education
2024-03-18,1,2,Film & Animation
2024-03-18,10,16,Music
2024-03-18,15,1,Pets & Animals
2024-03-18,17,12,Sports
2024-03-18,19,3,Travel & Events
2024-03-18,20,3,Gaming
2024-03-18,22,14,People & Blogs
2024-03-18,23,17,Comedy
2024-03-18,24,23,Entertainment
2024-03-18,25,3,News & Politics
2024-03-18,26,4,Howto & Style
2024-03-18,27,2,Education
2024-03-19,1,1,Film & Animation
2024-03-19,10,16,Music
2024-03-19,15,1,Pets & Animals
2024-03-19,17,14,Sports
2024-03-19,19,2,Travel & Events
2024-03-19,20,2,Gaming
2024-03-19,22,14,People & Blogs
2024-03-19,23,17,Comedy
2024-03-19,24,23,Entertainment
2024-03-19,25,3,News & Politics
2024-03-19,26,5,Howto & Style
2024-03-19,27,2,Education
2024-03-20,1,1,Film & Animation
2024-03-20,10,17,Music
2024-03-20,15,1,Pets & Animals
2024-03-20,17,13,Sports
2024-03-20,19,3,Travel & Events
2024-03-20,20,3,Gaming
2024-03-20,22,13,People & Blogs
2024-03-20,23,15,Comedy
2024-03-20,24,23,Entertainment
2024-03-20,25,4,News & Politics
2024-03-20,26,6,Howto & Style
2024-03-20,27,1,Education
2024-03-21,10,17,Music
2024-03-21,15,1,Pets & Animals
2024-03-21,17,13,Sports
2024-03-21,19,3,Travel & Events
2024-03-21,20,3,Gaming
2024-03-21,22,14,People & Blogs
2024-03-21,23,16,Comedy
2024-03-21,24,23,Entertainment
2024-03-21,25,3,News & Politics
2024-03-21,26,6,Howto & Style
2024-03-21,27,1,Education
2024-03-22,10,19,Music
2024-03-22,15,1,Pets & Animals
2024-03-22,17,15,Sports
2024-03-22,19,2,Travel & Events
2024-03-22,20,3,Gaming
2024-03-22,22,11,People & Blogs
2024-03-22,23,15,Comedy
2024-03-22,24,24,Entertainment
2024-03-22,25,3,News & Politics
2024-03-22,26,5,Howto & Style
2024-03-22,27,1,Education
2024-03-22,28,1,Science & Technology
2024-03-23,2,1,Autos & Vehicles
2024-03-23,10,14,Music
2024-03-23,15,1,Pets & Animals
2024-03-23,17,15,Sports
2024-03-23,19,3,Travel & Events
2024-03-23,20,4,Gaming
2024-03-23,22,9,People & Blogs
2024-03-23,23,16,Comedy
2024-03-23,24,25,Entertainment
2024-03-23,25,3,News & Politics
2024-03-23,26,6,Howto & Style
2024-03-23,27,2,Education
2024-03-23,28,1,Science & Technology
